﻿<parameters>
  <parameter name="IIS Web Application Name" defaultValue="Default Web Site/" tags="IisApp">
    <parameterEntry kind="ProviderPath" scope="IisApp" match="^C:\\Users\\Kristopher\\Documents\\Scripts\\Final\\Final\\obj\\Debug\\Package\\PackageTmp$" />
    <parameterEntry kind="ProviderPath" scope="setAcl" match="^C:\\Users\\Kristopher\\Documents\\Scripts\\Final\\Final\\obj\\Debug\\Package\\PackageTmp$" />
  </parameter>
  <parameter name="Add write permission to App_Data Folder" description="Add write permission to App_Data folder" defaultValue="{IIS Web Application Name}/App_Data" tags="Hidden">
    <parameterEntry kind="ProviderPath" scope="setAcl" match="^C:\\Users\\Kristopher\\Documents\\Scripts\\Final\\Final\\obj\\Debug\\Package\\PackageTmp\\App_Data$" />
  </parameter>
  <parameter name="ShapedatabaseConnectionString-Web.config Connection String" description="ShapedatabaseConnectionString Connection String used in web.config by the application to access the database." defaultValue="Provider=Microsoft.ACE.OLEDB.12.0;Data Source=|DataDirectory|\Shapedatabase.accdb;Persist Security Info=True" tags="SqlConnectionString">
    <parameterEntry kind="XmlFile" scope="C:\\Users\\Kristopher\\Documents\\Scripts\\Final\\Final\\obj\\Debug\\Package\\PackageTmp\\Web\.config$" match="/configuration/connectionStrings/add[@name='ShapedatabaseConnectionString']/@connectionString" />
  </parameter>
</parameters>